3265423829,oblyi
6075560409,hykcm
7360533797,zptwc
5116711053,spsoo
2399927450,ppwcj
2938269200,ycjvt
2786430022,qkerk
1467851199,ffgfi
5974337683,bbwln
5138793754,anglr
1021388080,itjaj
6097580967,lexqb
9053573136,jdpog
9673657998,ajtul
3945528712,gnamd
2911805841,sudef
4548633044,hnmry
5216611160,ghxsi
9589961659,rdulk
1449153016,niwht
1836410347,zjmqt
5483247032,tkobx
3879900585,kaomn
3386735279,cwsab
1616454438,piwtx
2134516851,caloh
2196651878,rfhbw
8112048505,myfmq
2225455141,kdrxy
7948302952,jsczg
9897931254,jvejt
7390519890,jtber
4744669373,mamli
8530556588,gpawi
1379780174,tuodm
8262235101,buqoh
1474404986,pyzfq
4138371882,gokjf
6054841817,ogpip
7781571966,jgqad
3222379884,pbsdf
7093537700,uhhgc
8656160641,ahwqm
3905849964,sidqu
1982787336,twpsk
8993234539,qyolo
9546044739,tsjxc
8904516544,kggqz
3087238517,oqcmq
6458417802,orhvi
4032022957,sntfc
6932862964,oyzei
6732712857,efphl
2131350455,utgbu
9630288135,cavpx
2725610338,nrmmp
3055935544,aqbsv
2689564932,hqaai
3173443819,rmfok
1059758579,kytav
1409128270,eljtx
8374897920,kospu
7652286070,qolnk
9782704815,hmdcb
3074460756,pidkk
8084253782,tiahd
8393926774,egpqt
6057693158,dcfem
6099044912,uaaxe
5832969806,kgnjx
1840711107,ypikw
2240661990,qxvgk
9076581094,goyou
5127395494,mrgtb
2045860049,isbni
4169081768,awaht
9128798819,gbhjq
7278534948,hzxjq
3512545360,ujouk
8677529312,gwabl
5498316978,izwwc
7391324248,ywvjp
2255296332,xagsw
6122317855,uirvj
4025401029,nxerd
1184261950,sglut
4895201661,mtidp
7328429714,wzjpr
4619363095,yccxy
1566451810,loqyu
8090723513,mpjws
2485708807,zimsu
5293660339,yrasn
1820316569,rfprd
9346191971,hnumk
1724196639,hedjw
2587600312,jwruo
7464967596,tamui
8219239968,whags
6629391845,bebya
2760175033,swgky
1467258070,haqts
6234393358,sqdqr
8762910429,bqecl
8962387932,hquhz
7386467607,xlclx
2048663468,ueuxf
6682716421,zlxst
1183488617,wkvuo
2386117826,rxmuq
5129907896,tniua
8454963053,ykszs
1327117118,qolte
2880212601,zzqys
9789545903,fuwqe
7105365850,eopxp
5571659063,jaanc
2296958528,yqnyg
4417956569,alxwx
4361982525,nxgnl
9482539593,vsnsc
2054780143,duwth
6949740521,cqvpz
5714341507,ydonu
2915804494,kjbxt
2468283453,kbape
5077658077,prfxk
1186492612,rabmg
3270920777,kekjv
5315236630,awemw
6579193250,bwtnb
8220048733,gddla
2497428310,ioucs
4477314336,pwmug
9155000559,pmvwu
2390083689,jduhv
9233231655,nnnfp
8895802003,olyeu
5818968972,etlos
6199534693,finqy
8069302971,gxuhq
6395313725,tsxpr
7430844848,sqpva
2979596260,pdxjm
3002388246,pnutv
9580743955,rchni
2342455988,yeqgk
5430635306,iykia
4582435437,kgnlk
5522105510,uadjx
1439109949,rbhjb
9748382006,lonym
8033739598,ftnsg
5990624427,lsrpo
6890275414,vfhjd
8332894685,mmisn
3488384130,mbbpq
9177551572,proln
4154773436,iwygq
8506374080,rejoh
7898338030,qojcg
8565016478,hiwaq
2298615007,nxwfs
8998543525,yfkog
1085045633,ihctq
2225979439,sqloz
1636464723,hbdtx
3951720941,arcvs
8555322736,irftd
3122815477,yyovc
2680942176,tsqae
4431547322,dkccu
2194129795,dgyvq
9535729832,nduuy
3222815667,ilkrn
5312796916,cwrfw
8995016586,nwzlu
4421055205,yrnre
2022790795,hcyby
8208291018,lxtqg
4241693226,hseao
4801613971,abvjs
4996657686,oncfc
3281805612,vfton
9472184160,iwrwt
2055216873,zoskl
9659517359,qrngg
4820742269,kefpc
2863823613,mcakf
7591995149,gzydr
1061319010,yyqla
4109958793,edssx
1244015392,ivkch
4809818222,nwolq
4685612354,pduiu
6431315421,gfnei
8054840081,wltni
9339160395,svomr
6263812486,rkayt
9057128217,yxpvy
7207718671,fdypo
4358933830,gbzmr
3941159280,dnrvn
7550626396,dljag
4330605761,uxtcn
9066753470,faxzl
1948009542,ljyzc
7792498798,axbdo
4603944716,nqaya
8504075694,flust
2647684984,mkvtq
1163806742,evmdk
5517651791,jglqf
8797774381,exqcd
4412270320,qprji
9041784585,zrkoz
2459008415,huwar
5573642390,cgspq
6280468665,jjmog
2665093501,uyesh
5257560353,dtkis
3494649316,vnnsp
7000376105,xjicp
6652347320,xjwek
8860280304,iztjx
7345408200,isruq
2555625996,wmhay
1986357513,nzimq
6007437312,atwyg
4776640108,jnqve
1348792039,hmlyb
3997698593,pqemc
9303582338,lpbpk
8671745210,bkhto
2981971196,xzxhr
2904233191,spgkq
8809419518,gleif
6811449512,jexcm
1014040082,vcguq
8079979683,whzok
7892212166,fwzvi
3132157686,bxrjt
6239128547,xytbt
9509786995,qjjbx
1373456970,ulgwy
3709529529,onowq
8897319748,gnyjt
7216426455,uvsun
7674413667,npxow
9139630539,vpgxu
9088814256,wwgys
2347339133,jxklp
5281186709,mknow
7476731225,mllmo
1691180274,rjmij
2254798867,bkuzh
9437735453,fmbvi
8632955873,ickke
3933672054,oocrh
1493275089,bdvcb
5043584703,xrgdm
9576124188,dzaiw
7407659700,siorc
1552493942,tkfnd
7601921811,ttslu
9545591515,vwxvh
4177229446,oztlh
2986224960,tqsew
6046283423,cmkhz
8085393710,fxbgx
8846963580,jqjyg
2842786263,iyfur
5547162302,obzjb
1937311003,bhxlf
5277250047,dhkhy
5783445092,pjtax
2376223032,uwipt
7166320725,drtxa
5221617787,kswlz
2906504707,yumdm
9790398124,lmxjz
7508821721,gwpoq
3040238864,hhbql
3660962398,wycfi
2209232888,fkrvl
5029644922,natqe
5768744162,zphle
4249640464,ilast
6727117822,warwe
7516371429,pfiqt
1280858117,arvzx
7717922271,sknjb
4587319661,cullm
3662046243,yujtw
4149633187,ybiwf
8751351501,ehilt
5285795375,uekok
9105678254,mvdil
9383776236,qruhr
3225580861,ygrzh
4656724469,hnejr
6928891585,owyeq
9827841571,murvy
1591484336,fbudh
5488017543,qjedn
2224091035,xcyoe
4926347495,kiqlo
2059511781,deyee
3206940221,wzith
2730402797,thojs
6003164375,iafxf
6638976028,byxvm
1021098774,fonav
6521127488,qbsiz
1566296428,nevgs
4474534859,yuvli
9625808680,bicbn
1698821008,isauw
3873591380,ccthh
6880634030,edbpq
2663788402,fynne
9269924170,mghfh
4043319144,nuhxi
2968316802,rplcw
8977948320,npsrx
1576083981,gisou
1045386756,aosmf
1146177766,keqlg
8252395486,kusbg
4269335729,borvg
7800010408,venjv
5379113910,awbjd
7847797086,xpeoa
3213902941,gmbwn
9937718615,bvmly
8045579499,dubqu
2325140845,whzxr
2471433083,grwzh
9877893004,nkqna
1004523105,vrixl
4350684654,aekag
5478804496,cmfiw
6717352163,bialu
7924356763,bbaon
4269780579,byncg
4377810169,lxfvz
4009362991,rddsv
6440126932,dszzw
1327689112,hlsjz
5415784386,sjsay
4518319835,eyzeb
5042968640,bcvki
6307563534,ixyoc
1000536381,gttrz
5100443034,ytpeq
8436217707,muoks
8801431060,wbhqw
5785478527,altqs
5739701759,xvukf
1203723589,wbzkf
5669712766,fampc
7175862627,pcjnm
1184897570,yhppd
5815188842,dwgfq
8674998448,rlsar
5676502367,dwhns
8231582895,ynkia
5287072081,lambu
9654996271,dprsn
6712384434,gnahb
2118057330,whfro
3315645862,arvti
1318752340,gcuhp
1454102096,kwkre
3715631163,lkbsw
7531553677,jsiaz
3969251458,vghen
9800500826,qegxt
7909023949,adppn
6972199246,dehsr
5260263282,fkkyf
9648406523,zatfj
1856595785,rhlvr
1131509167,tfcwo
3071262256,gsmll
7483125898,gqice
9339909805,xqwhy
1219867288,kfjtm
7507261509,bxwql
9442120305,ipsbw
1591046457,glmkh
4666183885,hufve
9029956420,zhttt
4575041189,rizsl
1035605923,jeghh
5829666685,nxqoe
5413336036,jvwqf
9890083594,jurky
5036587966,lglfe
9848550263,xteek
3687545863,btlne
4660211744,bdeeg
4134334095,sdiqn
5787866148,zrynt
9037981080,qvwiq
3060493333,xpmjz
4209352472,ojgcl
8055165272,zrimb
3295276225,pugci
6329601030,bvmnc
9939431824,ljppo
9413079006,rtonh
2289818324,visqh
2354658668,krome
6920211301,ajykc
9347601614,ugazh
2286537966,vvkvq
4822456786,kkbju
6398962616,sctia
5223180854,lmqkg
3428490210,bnwda
4771892439,wulrg
7881924555,diucx
6768689550,druub
8831203287,ytxyw
6114705130,clfvt
3120423963,xinrh
5008116894,jtbnq
3715100748,nyjxi
2628555880,zopes
1180499042,jlfsv
1429408373,qxeko
7560648470,vmaap
1296566319,tixyi
8951614163,tqbav
3532618218,trdkt
1665587861,cqmtd
3500673669,fwlzv
3473685220,uooca
3231099590,fvfqx
3454742381,afzkd
6602613094,lxlgt
3202930801,wgmyc
6450783579,gfgpy
3439980955,pyoiy
1299337849,vdvou
3549129645,mdhqd
1390975755,ydoaq
6784300431,edewz
3753536130,bxiqg
7472179672,jpixo
5387344071,hzssi
4454963587,unvtq
5340483099,tcxgp
9876702240,aewll
3775446035,kkrdd
4629388433,rskzc
4774709395,qcabb
5195645705,ziacn
3489221866,bdyct
8405187437,wlhcb
3550609349,pxzpz
8965345527,bcivw
3680336247,xpqta
5281555983,mwzsu
9496850526,krxwj
8262551419,kjajy
8510502523,nsxol
5564138634,bxhui
6909386739,gllln
9492068694,bsrkx
2107041878,btgmj
7236512739,eayhs
2425173971,qmnct
3162177453,elmeq
2252931890,lwvkk
8599865718,mzrav
1847370477,domdx
1531368949,fcboe
1487045923,qrmxq
7358787309,rdfac
8805810548,uglee
7045395775,ijocc
3557493784,qhobb
9247914548,imkzt
7019632278,czvgj
1538094632,lmmjx
5776510854,kqcso
5530400871,bxnww
2394736751,itfla
8059120848,quxcv
9887357698,ufbiw
9020316312,tdyxl
5432026729,wzwew
1514575371,zlhbr
9932929672,mwqaf
5192659971,ztyhu
8322169018,zqxfv
9514987164,pmyef
3229058686,dzxac
8810714734,jdkwj
4840866722,flpph
9760450898,zcrlc
8287981623,mroaj
1261908985,xsjbt
2729635397,rycuz
8422212666,klpre
2060367001,lscmy
1645193081,viubz
8082067532,jhyco
2527687679,szsaw
2127190121,hsvvd
7566782826,eqmag
4298516725,uyflx
8326571728,ilhxu
7297043242,jeiov
9849322908,olzjl
4912621554,bbxbv
5137883325,hlaac
6170902236,qavfe
5300880308,vcfbv
1490105507,cusim
5851406792,smakg
4558400824,jiwvy
3793131530,xywbz
4452216061,mvxws
8870493657,tnsmx
6958760281,hkaax
1514451565,qlucl
4469688841,gwcus
7167101278,gevki
5705489957,djbqv
2346217783,lviys
2950372053,qfvte
4651209920,dpvro
3387680753,zpjwj
1103250055,mfikw
2724365024,pzrbw
9152137367,tilem
9264405844,mqosh
5109809598,ufwmr
1956165839,dryeg
6276044069,obsog
2630516975,jffxg
8769479225,npian
7628465087,lbqwi
2779615492,nxcce
1490304240,xjhdb
1477720250,lehff
4558978798,oetkn
2723727768,mxtha
2736014302,duzmg
3063833251,obhko
1967830455,ubeng
6440608100,rajtt
2713577105,tyqfw
4122707962,matsc
1190153371,qrxze
3772447288,bymvx
9940851050,bfiyf
4057128893,ondfe
2864712095,kksez
5351490181,fvnbr
4262853918,wqzee
7206125144,mbrcy
6859730576,dsfrf
2486736681,jsvgd
8535418586,hkpqo
5820352260,mtbdg
8287258517,vuarr
8268741596,lampw
7942357669,gskok
5791956510,qzrhe
7701498134,quytd
9729246102,zubpn
9622389508,nnpzj
4041752577,kxtjc
8415302596,msibs
2852421682,xylab
2253142365,uhdxp
9235578589,hoskt
7327122065,ojrbl
7375241448,xjjtn
1702993780,sqejo
7159519101,ftesr
2996504589,pjgdo
2496538506,kvzjb
1183498517,jjzhj
9327169328,pbefp
3571360171,ofgkt
7694182971,sfcqy
8814181710,xpaga
1966152216,rqcik
5580138984,qdacd
8084745700,umrlu
2258110006,irfcs
8804656013,rolxj
6164744123,xrjig
5584248596,pcfps
3272037971,hgnny
4908015479,pkvcg
5082346159,ebgwa
3085719228,peuad
7047925052,ewcov
3341824013,wluhv
1253620147,njvea
6762659540,joguy
9476327803,phbsm
3112503118,elsym
9232859911,olbsc
6941531753,xqicf
3452199271,uugdp
5910395857,liieo
9621272290,ojnxt
3214788615,eauej
5672759253,woizo
4841471808,aiwye
8350941907,ewiyy
3130843105,kviwy
4300185582,fsxpu
4452127960,qdhqs
4737117104,bsgpo
5353407920,qeagf
8438236787,ghwcs
7130833343,xtijm
5048149920,igurt
5536470619,wdzyj
2788590647,nooxs
8457857821,foweb
5763780057,fodzl
3807565580,nvbxp
7072663954,rqawa
8632036200,egsfx
5318598214,oxyfq
9852797465,hpcnj
8772383918,ewuwp
2346557603,uwcby
2783422657,gkrfs
1125958725,algku
1132842363,jdirz
3104198974,ytius
1202082981,vtlbo
7586197425,mjwpv
7017817217,ejpni
5727813492,phxsn
9071020685,qazsc
8762914195,akhtx
1993597924,hxldj
3482098946,lbsoo
4942479845,qyanb
3283516296,ovqaj
9176449639,zgnyg
8359477933,uvybh
2213457753,rwjgu
9717575159,cpvcv
5205931764,nwkrb
2173059414,xtpog
8199748191,vgdww
6216766809,nksmn
3949123129,ntgbb
1569999622,uddnj
4716255610,khsgt
3775264009,lyqia
5336862241,cebjb
2204167663,sjzyl
8487384061,yudlu
2774157185,vcabj
3851950885,ksvby
1772151233,jltnd
4645643082,jgbas
7791673494,yopuq
8659069474,epwbb
3794166735,bbcos
5154058159,hgitt
6663293887,xcumm
9670772014,hbjph
5041563338,dnmfv
4173391944,xccbs
2524874562,ywgyf
6307154961,tybcc
8142873213,uopek
4847837227,tklnw
2990463665,mzsrf
4821216341,scsbd
8370960520,shdoz
1479842036,iyfpq
1563068747,olibi
2458787161,abygs
6400065035,ocnce
9317254810,ulaia
3961469580,mnthg
4042767621,xrmpc
8365678324,wetwt
6019317465,qbpve
8433070698,scwne
3444505406,ogifl
3466111710,kdsad
1666365354,nihal
2352255253,jksnf
5047128288,mhsoi
6850026935,lansj
7357428320,egmef
3361748331,wxuwb
3824277122,dskht
3779706977,ltjcv
3498964521,rrkry
6456066793,ufhna
6098712430,xkoqq
8843357289,kiork
6174930413,exukz
1971805931,mnmzz
2592569690,iredb
4407222853,cuuhm
7707634044,nwiby
4318944712,caxfu
8580781704,imvrg
2264588024,phvth
5965092410,rstag
9896095761,jgnjv
1949434233,qzprc
2223620046,vampu
6011864387,fovbe
8670779154,rlxpl
9310040230,mhcaw
6159542426,fkgiv
6918665130,zzahx
1355639102,wssbs
9741738728,ykelh
6988922492,anrnc
7045696389,tgsus
1572404976,yrcry
8298578201,hobty
6401642245,nlzsp
4635683676,syokw
5162014212,jgyrz
4556284388,wlytl
6601244217,amjvu
4007672752,erngr
7607293307,asotp
4900254739,chnoc
6176564838,lfchb
7752421352,xplvq
7879985110,sqeuq
2180222271,qwzmp
4644428654,sixvs
9347407371,vcrij
8367112082,rhugz
7178578922,ckdlk
2324932343,dytwm
7810415743,lkmrt
1516737069,xaosv
6127109542,yqolz
7884950115,xlieo
2441406113,zjqdx
5824728734,ycjhl
2288344797,drfkb
3379602664,cedbx
5215235453,egftv
4424641390,cscsy
1240736083,qrjxa
5051700644,lispc
5357427428,rngoy
9756748393,nqwll
8567833212,wiwmp
5498890722,hvuex
9601936172,xpmhh
7016250870,awope
2132112272,ahlju
7574708107,dpnrn
1077351729,ejrdv
3779311427,jdfxq
5215001854,hvflk
6428587833,bsfna
7110797467,mltfo
3123566614,tfygp
8777822374,jjdhy
6770078100,euixd
7373858885,vwiwa
6298007194,mczaf
1511579379,dozas
3172239650,pdlzl
4218640568,uxaqo
7945717016,tzpnd
6916466352,vygcb
9153432829,jqfho
1386413027,yxhrh
1534294278,dkvos
8898725713,ctaab
8513141367,btsjl
8760262709,qhkib
9787836737,kyqug
8528529999,mgnng
1438251845,pfzbi
4685241599,thglz
7981205163,laovr
9214416017,uuwjt
2435873814,soxla
3932496190,vfcxl
3232950285,banwu
9248305461,kvwqp
5259835160,ntkld
3214268828,bvihe
2333722939,foacn
5678044862,wlzuo
1656652708,wnsgp
1537403890,urwqc
7472931864,iwkxw
3970006381,zgyyy
1770187666,uwsor
4234765581,pkolj
4795771908,vijnr
4899287818,pieeu
8140222145,mcwmz
5349243093,tecyj
9775621255,lckeb
4296101402,wsyau
1685228775,vaewb
8594076703,wsryt
9272350112,xvjbe
6503677175,wkduz
8915667096,fquno
5619868883,wyooh
7623566328,npbvv
2996987394,ywzjx
3730431035,vdfcp
1530036610,yaspz
2970176636,tyivy
3467106497,uiiwj
9305492536,awkql
1911313455,tjysm
1018684595,ejlha
2476214127,krtmr
7989959399,vofod
1045553445,fzedc
5070243123,ukgat
3191473742,aqjhl
4121941599,sevew
9241909576,jzkmo
1714637142,eiizh
7010925905,rajwp
4555815536,qqpsb
4845231718,ygnql
6471907817,wmxtz
2720869973,ufxxl
6655451282,ejvji
5210626169,rbcan
2729876037,kkzaa
9948633160,aehfq
8475036672,kbdgn
6205815228,ujrgg
2607072578,ouqsx
9562478064,iqdoq
4600181980,pheim
1625987681,kubfa
1390211628,fkief
8503764116,vsjju
9806457491,vquus
2490982151,hecym
7211275452,llgpi
4585272274,ounxw
9640732464,fgwvl
9207039459,xstgd
9510965658,gwodu
4316945351,yvnde
1541439594,hipuq
2338700845,suaag
3982573827,pklhz
1596068602,hfcte
4406020450,pggqc
5809708507,snlgy
9559717154,rseba
4124060486,xgbhe
4127632964,hxnrn
1206898249,xgznx
2945158694,hdaou
7237551162,ljnsf
4232033260,coniu
5545991142,inqxt
7171422340,nzutd
9445153041,piwbv
9388435167,poblo
7873111714,jmjas
5543266619,wsrvs
3396956726,sldpm
4854417337,zycxd
3548681085,kwsgu
3488680707,fzsld
2909198360,douep
2835204504,qenhc
7040053393,mbjrt
2068491806,lghca
7895753932,utnpb
4633555513,vwmes
6093538981,iifxo
9741515661,cdzbs
7582007042,ikutm
1844789383,tsbgt
9836223917,zdsem
6157334070,jkelp
1549050026,fxuus
5138722442,ahtku
2506613159,kswet
3582917121,guodn
9760975553,epxhq
3415802113,qmmik
9651856606,qnnvv
5537506915,jvher
9596323210,ehcmk
9282276190,gmsvx
6946133338,ygqfg
9067124906,sqwfm
3684954033,agmgh
6419823913,cgncf
3420237935,geijb
9333674060,obuom
5516140017,ixzim
2703686317,llsmd
6411948662,aoxbm
9100767122,klgqc
9647148041,byczm
6540866370,vlqvb
3585038523,dqxza
3691093625,tlwzt
2012596225,kheou
7181767284,guzyo
7482948543,joufp
7998414738,tfpaz
1791507723,jnacn
7726625214,uhdey
7856992409,wfgqd
2975300544,srcwx
3396952287,jgmgj
8929171509,xkbtw
5948068872,krnjh
5723167080,rfynn
6062287733,hwcrm
1341362703,pddqk
5333968094,xyyhv
3901368492,luiig
4650663511,pxcyc
4060760201,sirgh
5385295083,hovlx
2236579954,rbdph
1054857392,ufwwg
2383465544,jzsbe
8671385822,vxbpm
4304103478,kdaif
9145875642,gymdf
5671819075,klwvm
2130268932,vnsrs
1271330051,zujml
8127345341,qibxm
2910371330,cstst
7481119664,pkxtb
7600483710,mcqak
4561949431,kowai
8333741670,sqljg
6705244456,pmjqi
7478425158,pzkdd
4922989341,jopnq
5233471722,kifsq
8640168233,tvxjw
4808687377,gzpmm
8781608973,tjuce
4063472959,wsqzp
8945238229,rtyjy
3397208518,nglcg
9751351813,xvwtg
1182114764,henbg
5386872612,zzbst
4687966974,jeyia
9806464220,beqli
6663098230,fxbam
2797744555,iivuo
4583868503,ivkue
7016775205,xftqs
6064868399,dmtpz
1112773038,itsbl
6405768719,ekqgy
1499761918,thsyu
5128034575,eqewq
5617843942,njqys
2297790298,aqavv
4243296486,bgrpo
8953269813,wszuo
6775498715,xvwuh
9952182622,lmvkj
1540586376,lwcwk
3805409580,mtjle
5317339183,muweg
9308710204,rztdr
1583723319,bdltg
3776418360,mknzd
3127440846,urrot
6042044139,jsgsk
8283516420,tuwky
9393212138,cgdme
7677262661,pvtvb
7466309826,mmjna
8725608205,laqdv
